{"noiseKey":{"private":{"type":"Buffer","data":"oD/O4iapmtSxWMAmNnb+pVF5ks04WYtDGLdfNZ9kKlQ="},"public":{"type":"Buffer","data":"TORljuw0FdU7N2QpxHg+A6JEI3v7JA0xjX8i+JDqQVU="}},"pairingEphemeralKeyPair":{"private":{"type":"Buffer","data":"mBGc7kgdHWk1KLUZoHDsqP5/7ofot1sWNYH7mTDt4lc="},"public":{"type":"Buffer","data":"Vl3v8iREbsit/UpH35IMLVBH5co+TjE/V0t+DfujnQs="}},"signedIdentityKey":{"private":{"type":"Buffer","data":"gMYhPBTybRoNmRm+JqRDgrR7iW2oXEz5wKGBFuN0xHk="},"public":{"type":"Buffer","data":"ugiVFjMLVW62RPao2uwCCM6gjlY70T8vy54NrcY+lA8="}},"signedPreKey":{"keyPair":{"private":{"type":"Buffer","data":"QGKGn5KBBwUDFtP2JmuSwHcHfiAdwfrd2AE34tS+kVc="},"public":{"type":"Buffer","data":"rR0MZ8ehDF6z7oWfbTidZExeaatOtpTuEXPTViGfPyM="}},"signature":{"type":"Buffer","data":"OduuHqV4X3HUTtpuhAXsESiqZSomQGYO/v9J18ooQBAL7ApG+UWEVbsfS/eczn2UEJRAgmGzeYro3Tz52Jq5BA=="},"keyId":1},"registrationId":241,"advSecretKey":"uvob7XEY8qeeWLHjYiNh/DaHpX0uCyJOHYNWE7JqmfU=","processedHistoryMessages":[{"key":{"remoteJid":"5214437863111@s.whatsapp.net","fromMe":true,"id":"40B8DFB186132823FFF4DE7235697C3B"},"messageTimestamp":1746825098},{"key":{"remoteJid":"5214437863111@s.whatsapp.net","fromMe":true,"id":"9D8BF3DD7FBB5B6C7E00E606D8EB8E7D"},"messageTimestamp":1746825100},{"key":{"remoteJid":"5214437863111@s.whatsapp.net","fromMe":true,"id":"E47754CBA6B5CED989E9C4F72696DBE4"},"messageTimestamp":1746825139},{"key":{"remoteJid":"5214437863111@s.whatsapp.net","fromMe":true,"id":"C07A9384F4B1FADF8F2D5586A3D8684E"},"messageTimestamp":1746825142},{"key":{"remoteJid":"5214437863111@s.whatsapp.net","fromMe":true,"id":"1268867D57C2BADC123B5D5C571F9014"},"messageTimestamp":1746825183},{"key":{"remoteJid":"5214437863111@s.whatsapp.net","fromMe":true,"id":"E4E6670B326211FCFDAEDFABD6E6E0D3"},"messageTimestamp":1746825193},{"key":{"remoteJid":"5214437863111@s.whatsapp.net","fromMe":true,"id":"986AE731FD325591974EBD018E425687"},"messageTimestamp":1746825193},{"key":{"remoteJid":"5214437863111@s.whatsapp.net","fromMe":true,"id":"33006C255F354489BEA815F6461E2CF1"},"messageTimestamp":1746825328},{"key":{"remoteJid":"5214437863111@s.whatsapp.net","fromMe":true,"id":"78B81EE126217BC28B93842624F88564"},"messageTimestamp":1746825458},{"key":{"remoteJid":"5214437863111@s.whatsapp.net","fromMe":true,"id":"76E6A1DD738FDB1D76F2095C40D0AE25"},"messageTimestamp":1746825613},{"key":{"remoteJid":"5214437863111@s.whatsapp.net","fromMe":true,"id":"A24D6B563A05D749F412B1BC733A7E47"},"messageTimestamp":1746825623},{"key":{"remoteJid":"5214437863111@s.whatsapp.net","fromMe":true,"id":"D2419854427FD6D417FDEF5C6A4786A7"},"messageTimestamp":1746825665},{"key":{"remoteJid":"5214437863111@s.whatsapp.net","fromMe":true,"id":"57533E4C54553EAE3DD381158FD4DEAD"},"messageTimestamp":1746826730}],"nextPreKeyId":2170,"firstUnuploadedPreKeyId":2170,"accountSyncCounter":1,"accountSettings":{"unarchiveChats":false},"deviceId":"amCY7DFYQhawpkHhDH5GIA","phoneId":"0645c074-7ccb-4b96-b6c0-f4d5fa98912a","identityId":{"type":"Buffer","data":"RzxbOeXN7bQ+Ipz3d0kgnNOni84="},"registered":false,"backupToken":{"type":"Buffer","data":"6d+Zflp2TU0c2J4GZS8ISzqlGQQ="},"registration":{},"routingInfo":{"type":"Buffer","data":"CA0ICA=="},"account":{"details":"CKOU3wwQ9t75wAYYASAAKAA=","accountSignatureKey":"ivELXTBgcAvUfItaOsXEtx8YJTdJgQSckAw+FjMjawY=","accountSignature":"FYiMKKO38gAI8tYiTzE/CVqJKgeG/vmWe0RFQ2SYbo35GTMx9JBr+23vqc5fZao/y9PjY33t345AznwPCQ71CQ==","deviceSignature":"4vhSb4jH6AEf7KHl1WUbKAYkWu2tDsUsDFQ4dHA31TZME8wgoVwbiH+1dyJvGlDK5wSJawj8b5kQCi2ocyaaBw=="},"me":{"id":"5214437863111:11@s.whatsapp.net","name":"ঔৣ🍀›HacheJota🐉꙰","jid":"5214437863111@s.whatsapp.net","lid":"83387092082901:11@lid"},"signalIdentities":[{"identifier":{"name":"5214437863111:11@s.whatsapp.net","deviceId":0},"identifierKey":{"type":"Buffer","data":"BYrxC10wYHAL1HyLWjrFxLcfGCU3SYEEnJAMPhYzI2sG"}}],"platform":"android","lastAccountSyncTimestamp":1746826644,"myAppStateKeyId":"AAAAAJqv","lastPropHash":"PWk5B"}